"Name of Matrix","p value","# exp promoters hit","# exp promoters","# random promoters hit","# random promoters","freq random","hits in ENSG00000170748 RBMXL2","hits in ENSG00000152670 DDX4","hits in ENSG00000136574 GATA4","hits in ENSG00000206283 PFD6_HUMAN","hits in ENSG00000132141 CCT6B","hits in ENSG00000163565 IFI16","hits in ENSG00000174339 OR2Y1","hits in ENSG00000187048 CYP4A11","hits in ENSG00000164172 MOCS2","hits in ENSG00000142515 KLK3","hits in ENSG00000089723 OTUB2","hits in ENSG00000108176 DNAJC12","hits in ENSG00000170485 NPAS2","hits in ENSG00000049319 SRD5A2","hits in ENSG00000133116 KL","hits in ENSG00000147689 FAM83A","hits in ENSG00000111087 GLI1","hits in ENSG00000183558 HIST2H2AA4","hits in ENSG00000167332 OR51E2","hits in ENSG00000171385 KCND3","hits in ENSG00000203705 TATDN3","hits in ENSG00000175785 PRIMA1","hits in ENSG00000168079 SCARA5","hits in ENSG00000181092 ADIPOQ","hits in ENSG00000090402 SI","hits in ENSG00000147877 IFNA4","hits in ENSG00000103326 SOLH","hits in ENSG00000172399 MYOZ2","hits in ENSG00000134057 CCNB1","hits in ENSG00000126258 FXYD7","hits in ENSG00000153234 NR4A2","hits in ENSG00000170608 FOXA3","hits in ENSG00000128242 GAL3ST1","hits in ENSG00000186567 CEACAM19","hits in ENSG00000110944 IL23A","hits in ENSG00000170417 TMEM182","hits in ENSG00000138813 C4orf17","hits in ENSG00000159173 TNNI1","hits in ENSG00000079841 RIMS1","hits in ENSG00000171466 ZNF562","hits in ENSG00000127249 ATP13A4","hits in ENSG00000160124 CCDC58","hits in ENSG00000113525 IL5","hits in ENSG00000198399 ITSN2","hits in ENSG00000170523 KRT83","hits in ENSG00000136457 CHAD","hits in ENSG00000026103 FAS","hits in ENSG00000197506 SLC28A3","hits in ENSG00000178709 Q6TPI7_HUMAN","hits in ENSG00000120068 HOXB8","hits in ENSG00000176165 FOXG1","hits in ENSG00000182217 HIST2H4B","hits in ENSG00000124529 H4_HUMAN","hits in ENSG00000072201 LNX1","hits in ENSG00000198390 KRTAP13-1","hits in ENSG00000186795 KCNK18","hits in ENSG00000176246 OR4L1","hits in ENSG00000154252 GAL3ST2","hits in ENSG00000186187 ZNRF1","hits in ENSG00000129667 RHBDF2","hits in ENSG00000170835 CEL","hits in ENSG00000181733 OR2Z1","hits in ENSG00000144962 SPATA16","hits in ENSG00000170231 FABP6","hits in ENSG00000187848 P2RX2","hits in ENSG00000166743 ACSM1","hits in ENSG00000100714 MTHFD1","hits in ENSG00000138483 CCDC54","hits in ENSG00000036828 CASR","hits in ENSG00000165702 GFI1B","hits in ENSG00000161055 SCGB3A1","hits in ENSG00000131779 PEX11B","hits in ENSG00000182187 CRYGB","hits in ENSG00000136634 IL10","hits in ENSG00000127325 BEST3","hits in ENSG00000164325 TMEM174","hits in ENSG00000150656 CNDP1","hits in ENSG00000134193 REG4","hits in ENSG00000197632 SERPINB2","hits in ENSG00000145826 LECT2","hits in ENSG00000158406 H4_HUMAN","hits in ENSG00000182793 GSTA5","hits in ENSG00000169347 GP2","hits in ENSG00000158715 SLC45A3","hits in ENSG00000157315 TMED6","hits in ENSG00000175262 C1orf127","hits in ENSG00000175003 SLC22A1","hits in ENSG00000198814 GK3P","hits in ENSG00000184544 DHRS7C","hits in ENSG00000115474 KCNJ13","hits in ENSG00000182890 GLUD2","hits in ENSG00000111305 GSG1","hits in ENSG00000147573 TRIM55","hits in ENSG00000140379 BCL2A1","hits in ENSG00000142025 DMRTC2","hits in ENSG00000075043 KCNQ2","hits in ENSG00000146857 STRA8","hits in ENSG00000158901 WFDC8","hits in ENSG00000165409 TSHR","hits in ENSG00000169202 OR10G2","hits in ENSG00000166573 GALR1","hits in ENSG00000146143 PRIM2","hits in ENSG00000167656 LY6D","hits in ENSG00000163531 NFASC","hits in ENSG00000115602 IL1RL1","hits in ENSG00000147246 HTR2C","hits in ENSG00000135355 NP_115991.1","hits in ENSG00000154760 SLFN13","hits in ENSG00000138152 BTBD16","hits in ENSG00000145777 TSLP","hits in ENSG00000116726 PRAMEF12","hits in ENSG00000137090 DMRT1","hits in ENSG00000109667 SLC2A9","hits in ENSG00000111199 TRPV4","hits in ENSG00000138109 CYP2C9","hits in ENSG00000186452 TMPRSS12","hits in ENSG00000092200 RPGRIP1","hits in ENSG00000112039 FANCE","hits in ENSG00000140992 PDPK1","hits in ENSG00000213192 C1QTNF5","hits in ENSG00000203812 HIST2H2AA4","hits in ENSG00000186895 FGF3","hits in ENSG00000083312 TNPO1","hits in ENSG00000168828 OR13J1","hits in ENSG00000146755 TRIM50","hits in ENSG00000118094 TREH","hits in ENSG00000037965 HOXC8","hits in ENSG00000083067 TRPM3","hits in ENSG00000196557 CACNA1H","hits in ENSG00000173890 GPR160","hits in ENSG00000143105 KCNA10","hits in ENSG00000110848 CD69","hits in ENSG00000170233 Q96AM0_HUMAN","hits in ENSG00000146469 VIP","hits in ENSG00000101213 PTK6","hits in ENSG00000124089 MC3R","hits in ENSG00000111321 LTBR","hits in ENSG00000214122 PPP2R2A","hits in ENSG00000162896 PIGR","hits in ENSG00000122543 OCM","hits in ENSG00000179914 ITLN1","hits in ENSG00000148180 GSN","hits in ENSG00000163701 IL17RE","hits in ENSG00000134873 CLDN10","hits in ENSG00000140044 NP_569736.1","hits in ENSG00000131126 TEX101","hits in ENSG00000144810 COL8A1","hits in ENSG00000187017 ESPN","hits in ENSG00000173264 GPR137","hits in ENSG00000163251 FZD5","hits in ENSG00000159337 PLA2G4D","hits in ENSG00000103534 TMC5","hits in ENSG00000118113 MMP8","hits in ENSG00000169031 COL4A3","hits in ENSG00000112486 CCR6","hits in ENSG00000120341 SEC16B","hits in ENSG00000187908 DMBT1","hits in ENSG00000125954 FNTB","hits in ENSG00000169214 OR6F1","hits in ENSG00000136960 ENPP2","hits in ENSG00000183941 H4_HUMAN","hits in ENSG00000198178 CLEC4C","hits in ENSG00000132297 OC90","hits in ENSG00000090520 DNAJB11","hits in ENSG00000197993 KEL","hits in ENSG00000197959 DNM3","hits in ENSG00000118322 ATP10B","hits in ENSG00000122481 RWDD3","hits in ENSG00000204220 PFDN6","hits in ENSG00000121410 A1BG","hits in ENSG00000131113 PSG1","hits in ENSG00000159640 ACE","hits in ENSG00000148704 VAX1","hits in ENSG00000196169 KIF19","hits in ENSG00000206211 PFD6_HUMAN","hits in ENSG00000040731 CDH10","hits in ENSG00000158481 CD1C","hits in ENSG00000188937 NYX","hits in ENSG00000182612 TSPAN10","hits in ENSG00000197790 OR52M1","hits in ENSG00000137709 POU2F3","hits in ENSG00000049247 UTS2","hits in ENSG00000124782 RREB1","hits in ENSG00000165929 TC2N","hits in ENSG00000112576 CCND3"
OSF2_Q6,0.000604905,85,185,1030,2970,0.35,1,0,1,1,0,1,1,0,0,1,0,0,0,0,0,0,1,4,0,0,0,0,0,2,1,0,0,0,0,2,0,0,0,0,0,2,0,0,0,1,0,1,0,0,0,1,0,2,0,1,0,1,1,0,1,1,2,0,0,0,0,1,1,1,0,2,0,1,1,1,0,1,0,1,1,2,0,0,1,0,1,1,0,0,0,1,0,0,1,1,2,1,1,1,0,0,0,1,1,1,0,0,0,1,0,1,0,0,1,1,0,0,0,1,1,1,1,0,1,1,2,0,1,0,0,1,1,0,0,0,1,3,1,0,0,1,0,1,0,0,0,1,1,1,0,1,1,0,0,1,1,0,2,0,0,0,0,0,3,1,1,0,2,0,0,0,0,0,1,1,1,0,0,0,1,0,1,0,0,2,0,1,0,1,0
COUP_01,0.001592939,149,185,2119,2970,0.71,4,2,2,1,0,1,6,2,1,3,3,1,1,1,2,1,0,4,0,1,2,0,3,2,0,4,1,4,2,1,0,1,0,2,1,1,1,1,0,2,0,2,2,1,4,0,2,1,1,0,1,2,1,0,1,4,4,3,2,0,1,2,0,0,0,3,0,5,1,1,1,3,0,3,0,2,2,1,3,1,3,1,2,0,0,2,2,1,2,2,4,2,1,2,1,2,3,1,3,3,1,1,1,3,0,2,1,1,1,0,2,1,1,1,1,2,1,1,1,1,4,0,0,4,2,2,0,1,0,0,4,1,0,1,2,6,3,1,1,1,1,3,1,1,1,3,3,0,0,1,1,1,0,0,1,4,2,1,6,1,2,1,2,2,1,2,1,4,1,1,1,1,1,1,1,1,4,0,1,5,1,1,0,0,1
IRF_Q6,0.002298507,36,185,369,2970,0.12,0,0,0,1,0,1,0,0,0,1,0,0,0,0,0,0,0,0,1,0,0,0,0,0,0,0,0,0,1,0,0,0,2,0,0,0,0,0,1,0,0,0,2,0,0,0,0,1,0,0,1,0,2,0,1,1,0,0,0,0,1,0,0,0,0,0,0,1,0,0,0,0,0,1,0,1,0,0,0,1,1,0,0,0,0,0,0,0,0,0,1,0,0,1,0,0,0,1,0,0,1,0,1,0,0,0,0,0,0,0,0,0,0,0,0,0,0,0,0,0,0,0,0,0,0,0,0,1,0,0,1,0,0,0,0,0,0,0,1,0,0,1,0,0,0,0,0,0,0,0,1,0,0,1,0,2,0,0,0,1,0,0,1,0,0,0,0,0,1,0,0,0,0,1,1,0,0,0,0,0,0,0,0,0,0
AML_Q6,0.00346152,123,185,1694,2970,0.57,1,0,2,4,0,2,1,1,0,1,0,2,0,1,0,1,3,6,1,0,0,0,2,3,1,0,0,0,0,3,2,0,0,1,1,3,0,2,1,3,1,1,0,1,1,3,0,2,0,1,1,1,1,0,3,2,3,0,2,0,1,2,2,1,0,3,0,2,2,1,1,2,1,1,1,3,0,0,1,1,2,1,1,0,0,1,0,0,2,1,3,2,3,2,1,1,1,1,1,1,0,0,1,1,1,2,0,0,2,1,0,0,1,1,2,1,1,1,1,1,2,2,1,1,0,2,1,0,0,0,2,3,2,0,0,1,0,1,0,2,0,2,1,1,0,1,1,0,0,1,1,0,2,1,0,3,0,1,5,3,1,0,2,0,1,1,0,1,4,4,3,0,0,0,4,0,1,1,0,3,0,1,0,1,0
DTYPEPA_B,0.003745226,3,185,10,2970,0,0,0,0,0,0,0,0,0,0,0,0,0,0,0,0,0,0,0,0,0,0,0,0,0,0,0,1,0,0,0,0,0,0,0,0,0,0,0,0,0,0,0,0,0,0,0,0,0,0,0,0,0,0,0,0,0,0,0,0,0,0,0,0,0,0,0,0,0,0,0,0,0,0,0,0,0,0,0,0,0,0,0,0,0,0,0,0,0,0,0,0,0,0,0,0,0,0,0,0,0,0,0,0,0,0,0,0,0,0,0,0,0,0,0,1,0,0,0,0,0,0,0,0,0,0,0,0,0,0,0,0,0,0,0,0,0,0,0,0,0,0,0,0,0,0,0,0,0,0,0,0,0,0,0,0,1,0,0,0,0,0,0,0,0,0,0,0,0,0,0,0,0,0,0,0,0,0,0,0,0,0,0,0,0,0
RP58_01,0.004188785,9,185,59,2970,0.02,0,0,0,0,0,0,0,0,0,0,0,0,0,0,0,1,0,0,0,0,0,0,0,0,0,1,0,0,0,0,0,0,0,0,0,0,0,0,0,0,0,0,0,0,0,0,0,0,0,0,0,0,0,0,1,0,1,0,0,0,0,0,0,0,0,0,0,0,0,0,0,0,0,0,0,0,1,0,0,1,0,0,0,0,0,0,1,0,0,0,0,0,0,0,0,0,0,0,0,0,0,0,0,0,0,0,1,0,0,0,0,0,0,0,0,0,0,0,0,0,0,0,0,2,0,0,0,0,0,0,0,0,0,0,0,0,0,0,0,0,0,0,0,0,0,0,0,0,0,0,0,0,0,0,0,0,0,0,0,0,0,0,0,0,0,0,0,0,0,0,0,0,0,0,0,0,0,0,0,0,0,0,0,0,0
COREBINDINGFACTOR_Q6,0.006095656,79,185,1013,2970,0.34,1,0,0,1,0,0,1,0,0,0,0,1,0,0,0,0,2,4,1,0,0,0,0,3,1,0,0,0,0,1,0,0,0,0,1,1,0,1,1,0,1,1,0,0,0,1,0,0,0,1,1,1,1,0,1,2,2,0,0,0,1,0,2,0,0,2,0,2,2,1,0,2,0,1,1,2,0,0,0,0,1,1,0,0,0,0,0,0,1,1,1,1,2,1,0,0,0,1,1,1,0,0,0,1,1,1,0,0,0,1,0,0,0,1,1,1,0,1,0,1,2,0,1,0,0,1,1,0,0,0,2,3,1,0,0,0,0,1,0,0,0,1,1,1,0,1,1,0,0,0,0,0,1,0,0,2,0,0,4,2,1,0,0,0,0,0,0,1,1,3,2,0,0,0,1,0,1,0,0,1,0,0,0,0,0
AREB6_02,0.006913414,146,185,2115,2970,0.71,3,1,0,1,0,0,1,0,2,1,0,1,2,0,3,2,0,6,1,1,3,1,1,0,0,1,0,1,0,2,2,0,2,5,2,1,1,1,2,2,1,1,1,0,1,1,1,2,7,0,1,2,1,3,2,1,1,2,1,1,2,1,0,4,0,0,0,2,0,1,1,1,2,4,5,1,1,1,0,3,1,1,2,1,4,0,3,2,2,1,5,1,2,1,0,1,0,0,2,2,2,1,0,2,1,1,4,1,3,2,2,2,1,0,2,2,1,1,1,1,4,2,1,7,1,3,0,1,0,3,1,2,2,2,2,2,2,2,2,6,1,0,3,1,1,2,2,1,1,2,2,1,0,0,1,1,2,0,3,0,2,6,2,2,2,0,1,1,1,1,1,2,0,0,1,0,1,1,3,3,4,0,0,2,3
PEBP_Q6,0.008497206,109,185,1498,2970,0.5,1,0,2,2,0,1,1,1,0,1,0,2,0,1,0,0,2,4,1,0,0,0,2,3,1,0,0,0,0,2,0,0,0,1,1,2,0,2,1,3,1,1,0,0,0,2,0,2,0,1,1,1,1,0,2,2,3,0,1,0,2,2,2,1,0,3,0,2,3,1,0,2,0,1,1,3,0,0,1,0,2,1,0,0,0,1,0,0,2,1,2,2,3,1,0,1,1,1,1,1,1,0,0,1,1,1,0,0,1,1,0,0,0,1,2,1,1,1,1,1,2,0,1,0,0,2,1,0,0,0,2,3,1,0,0,1,0,1,1,1,0,2,1,1,0,1,1,0,0,1,1,0,2,0,0,3,0,0,5,2,1,0,1,0,0,1,0,1,2,4,3,0,0,0,2,0,1,0,0,2,0,1,1,1,0
VBP_01,0.00907782,17,185,156,2970,0.05,0,0,0,0,0,0,0,0,0,0,0,0,0,0,0,0,0,2,1,0,0,0,0,1,0,0,0,0,0,0,0,0,0,0,0,0,0,0,0,0,0,0,0,0,0,0,0,0,0,0,0,0,1,0,0,0,0,0,0,0,0,0,0,0,0,0,0,2,0,0,0,0,0,0,0,0,0,0,0,0,0,0,0,0,0,0,0,0,1,0,0,1,0,0,0,0,0,0,0,0,0,0,0,0,0,0,0,0,0,0,0,0,0,0,0,0,0,0,0,0,2,0,0,0,0,0,0,0,0,0,0,0,0,0,0,0,0,0,0,0,0,1,0,1,0,0,1,1,0,0,0,1,0,0,0,0,0,0,1,0,0,0,0,2,1,0,1,0,0,0,0,0,0,0,0,0,0,0,0,0,0,0,0,0,0
DBP_Q6,0.010632368,151,185,2220,2970,0.75,7,0,1,1,3,3,5,3,4,1,0,2,1,0,2,2,1,4,3,1,1,1,2,2,2,5,0,1,2,2,0,1,2,0,1,2,0,0,0,0,3,1,2,1,0,2,3,1,6,0,4,2,3,2,3,3,5,1,6,0,1,4,1,1,2,1,0,0,2,0,3,1,4,4,1,3,3,1,1,1,1,3,1,1,2,2,2,2,3,1,6,4,6,5,1,2,2,2,1,3,1,1,1,1,4,2,6,1,2,2,2,1,1,3,5,0,1,1,1,0,4,1,2,4,0,2,1,1,0,0,0,3,2,3,0,7,1,0,0,2,0,4,0,2,1,2,0,1,0,1,1,1,1,0,0,2,5,3,2,4,2,2,1,1,4,2,1,0,1,1,2,1,1,4,1,2,2,1,2,4,1,2,1,0,0
FOXO4_01,0.010729389,42,185,489,2970,0.16,1,0,0,1,0,1,0,0,0,0,1,1,0,0,0,0,0,0,0,0,0,0,0,0,0,1,0,0,0,1,1,0,1,0,0,0,0,0,0,0,1,0,0,0,0,0,0,1,0,1,0,0,0,0,0,0,2,1,1,0,0,1,0,0,1,0,0,1,0,1,0,0,0,0,1,0,0,0,0,1,0,0,0,0,1,0,0,0,0,0,1,0,0,0,0,0,0,1,0,1,0,0,0,0,0,0,0,0,1,0,0,0,0,1,1,1,0,0,0,0,0,0,0,0,0,0,0,0,0,0,1,1,0,0,0,2,0,0,0,0,0,0,0,1,0,0,0,0,0,0,0,0,0,0,0,1,0,0,0,0,0,0,0,0,1,0,0,1,1,0,0,0,1,0,1,0,1,0,0,0,0,1,0,0,1
XPF1_Q6,0.013458893,79,185,1043,2970,0.35,4,1,0,2,1,0,0,1,0,1,0,0,1,0,1,4,0,2,0,0,1,0,0,0,2,0,0,1,0,0,0,0,0,0,0,1,0,0,0,1,1,0,0,1,0,0,1,1,1,0,1,2,1,0,1,3,0,1,0,0,0,1,1,1,0,4,0,2,1,0,0,1,0,0,0,1,1,1,1,3,1,1,0,0,1,0,0,0,0,1,0,0,0,1,2,0,0,0,0,0,1,1,0,0,0,1,0,0,0,0,1,0,1,0,2,1,1,0,0,1,2,2,1,0,1,0,0,0,0,0,2,0,0,0,1,1,1,0,1,0,0,0,0,0,0,1,0,0,0,1,1,1,0,2,0,0,0,0,1,0,1,3,2,0,0,1,0,1,2,0,0,0,0,0,2,1,0,1,0,1,0,0,0,0,1
IRF7_01,0.017320162,109,185,1528,2970,0.51,1,0,1,1,1,1,0,2,0,1,0,0,0,1,1,0,1,0,1,0,0,1,0,1,1,3,0,2,1,0,2,1,5,0,1,2,2,0,2,0,0,2,3,0,0,0,0,2,0,0,6,2,2,1,1,1,1,0,3,0,0,3,1,0,0,1,0,2,1,1,1,0,1,1,2,3,1,0,0,1,2,1,1,0,2,0,3,1,0,0,3,2,2,5,1,0,0,1,2,1,2,1,0,0,2,0,2,1,0,0,1,0,2,0,0,0,2,1,0,0,0,0,0,0,0,1,0,3,0,0,2,1,2,2,0,0,0,1,1,2,3,1,0,1,3,0,3,0,0,0,0,1,3,1,0,7,1,2,1,2,2,1,3,2,2,0,4,1,1,0,1,0,1,1,1,0,1,0,0,1,0,1,0,0,3
MOVOB_01,0.018940339,184,185,2907,2970,0.98,16,7,16,10,5,7,8,8,7,12,17,3,31,14,21,25,28,22,0,34,2,15,20,6,1,1,11,4,6,18,27,15,5,4,11,2,2,9,21,7,2,8,8,13,17,29,3,5,47,29,17,6,5,5,8,5,3,19,40,11,19,6,1,8,13,4,11,3,5,20,12,6,3,9,6,8,17,3,9,3,6,7,2,25,5,3,4,24,7,5,7,8,4,1,12,45,10,4,10,8,13,1,28,4,2,18,12,7,9,3,5,16,5,5,3,10,2,15,10,10,20,33,5,8,12,7,21,7,43,7,11,4,26,2,25,11,26,19,8,3,3,5,2,3,6,4,15,23,33,20,9,6,7,14,14,2,8,8,4,7,6,5,13,18,8,4,3,10,10,12,6,25,29,10,10,5,2,9,19,5,14,1,24,17,20
SOX9_B1,0.019648124,129,185,1864,2970,0.63,8,1,0,1,0,1,0,3,0,1,1,1,0,0,1,1,0,2,1,0,2,1,0,2,6,3,0,5,2,0,1,0,0,1,2,4,2,0,2,0,3,1,2,1,3,1,1,1,2,0,1,2,1,1,4,1,11,1,4,0,0,1,0,0,2,2,1,10,1,0,0,1,1,1,0,3,2,1,1,2,3,7,3,1,1,1,2,3,1,2,7,2,3,3,0,0,1,3,0,8,1,3,1,0,1,0,10,2,0,1,5,0,1,0,3,1,2,2,1,0,2,1,0,3,0,2,0,0,1,0,5,4,1,2,0,1,0,0,0,1,1,0,1,1,1,1,1,0,2,0,0,1,3,0,0,2,2,3,3,3,2,0,0,1,1,0,1,1,1,1,1,0,3,1,1,1,6,0,0,3,0,1,0,1,0
IRF_Q6_01,0.022286076,79,185,1064,2970,0.36,2,0,0,2,0,1,1,0,0,1,0,1,0,0,0,0,1,0,1,0,0,1,0,0,2,2,0,0,1,0,1,2,3,1,0,0,1,0,1,1,0,2,2,0,0,0,0,3,0,1,2,3,1,0,2,1,1,1,2,0,1,0,0,0,1,0,0,1,0,0,0,0,0,1,0,3,0,1,0,1,2,0,1,0,0,0,1,0,0,0,1,0,0,2,1,0,0,2,0,2,2,0,1,1,1,0,3,0,0,0,0,0,1,0,0,0,1,0,0,0,0,0,0,0,0,0,0,3,0,0,1,1,1,0,0,0,0,0,1,3,2,0,0,0,2,0,1,0,0,0,0,1,0,1,0,3,0,0,0,1,3,3,2,0,0,0,3,1,2,0,0,0,1,2,2,1,2,0,0,0,0,1,0,0,2
CMAF_01,0.024426705,184,185,2911,2970,0.98,6,4,7,4,5,7,7,7,1,5,2,2,4,5,4,7,6,22,4,3,3,3,10,4,2,5,2,5,3,4,6,5,3,3,6,5,4,3,5,3,9,2,2,5,7,6,4,10,12,1,3,4,4,3,7,6,7,2,7,2,4,8,2,6,2,4,5,8,8,4,5,6,2,10,3,5,7,3,5,3,5,4,6,3,2,1,8,3,8,6,24,8,11,8,2,10,10,3,3,10,11,2,11,1,6,11,18,2,4,3,7,7,10,4,3,5,3,4,2,11,10,9,9,18,1,6,4,3,5,3,11,4,10,4,0,16,6,3,8,2,1,8,2,4,6,2,3,5,2,2,2,5,2,5,3,3,3,5,11,4,4,4,6,6,5,4,3,8,4,4,8,7,5,5,4,5,8,8,7,10,3,4,4,2,2
NRSF_01,0.025195739,2,185,10,2970,0,0,0,0,0,0,0,0,0,0,0,0,0,0,0,0,0,0,0,0,0,0,0,0,0,0,0,0,0,0,0,0,0,0,0,0,0,0,0,0,0,0,0,0,0,0,0,0,0,0,0,0,0,0,0,0,0,0,0,0,0,0,0,0,0,0,0,0,0,0,0,0,0,0,0,0,0,0,0,0,0,0,0,0,0,0,0,0,0,0,0,0,0,0,0,0,0,0,0,0,0,0,0,0,0,0,0,1,0,0,0,0,0,0,0,0,0,0,0,0,0,0,0,0,0,0,0,0,0,0,0,0,0,0,1,0,0,0,0,0,0,0,0,0,0,0,0,0,0,0,0,0,0,0,0,0,0,0,0,0,0,0,0,0,0,0,0,0,0,0,0,0,0,0,0,0,0,0,0,0,0,0,0,0,0,0
AR_03,0.025433735,134,185,1960,2970,0.66,0,2,1,1,0,1,1,4,0,2,1,2,1,1,1,3,1,0,2,1,0,0,2,0,0,1,0,1,1,0,1,2,0,2,2,0,1,1,2,0,4,0,0,2,2,2,0,1,1,2,0,0,1,0,1,3,4,3,1,0,2,2,0,2,1,1,0,2,2,2,1,2,1,3,4,4,2,0,1,0,2,0,2,1,3,1,1,3,2,2,3,1,0,1,1,0,5,1,1,0,5,0,1,2,1,0,3,2,2,0,1,1,1,0,3,0,0,0,0,2,2,1,1,4,1,2,1,3,1,1,2,2,3,4,0,3,0,1,1,1,1,0,1,2,1,0,0,0,0,2,0,2,2,2,1,1,2,2,2,1,0,1,2,1,0,3,2,1,1,2,1,3,0,1,1,0,2,1,1,2,0,1,0,0,1
E4BP4_01,0.028712605,11,185,103,2970,0.03,0,0,0,0,0,0,0,0,0,0,0,0,0,0,0,0,0,2,0,0,0,0,0,1,0,0,0,0,0,0,0,0,0,0,0,0,0,0,0,0,0,0,0,0,0,0,0,0,0,0,0,0,1,0,0,0,0,0,0,0,0,0,0,0,0,0,0,0,0,0,0,0,0,0,0,0,0,0,0,0,0,0,0,0,0,0,0,0,1,0,0,1,0,0,0,0,0,0,0,0,0,0,0,0,0,0,0,0,0,0,0,0,0,0,0,0,0,0,0,0,2,0,0,0,0,0,0,0,0,0,0,0,0,0,0,0,0,0,0,0,0,0,0,1,0,0,1,0,0,0,0,0,0,0,0,0,0,0,0,0,0,0,0,2,1,0,1,0,0,0,0,0,0,0,0,0,0,0,0,0,0,0,0,0,0
SOX10_Q6,0.030282401,138,185,2036,2970,0.69,7,0,0,1,1,2,3,0,1,4,0,2,1,0,1,2,0,2,0,0,3,1,0,0,1,2,0,2,1,0,2,1,0,0,2,1,2,1,3,1,3,1,1,0,1,1,1,1,1,0,1,0,0,2,1,0,8,1,1,0,3,2,0,3,1,3,2,7,4,1,1,1,1,1,0,4,4,3,2,0,1,3,5,3,1,0,0,0,1,3,5,1,4,1,3,0,1,1,0,6,1,1,3,1,0,1,5,1,0,0,4,0,1,1,2,3,1,3,0,2,2,1,1,4,1,1,1,1,2,0,2,2,5,5,0,2,0,1,0,1,4,3,1,1,3,1,0,0,1,0,2,3,3,0,0,2,1,1,6,1,0,1,3,1,2,1,3,1,1,0,2,1,2,1,1,1,5,0,0,4,1,1,1,0,2
NKX25_01,0.034348951,179,185,2794,2970,0.94,3,5,2,5,3,7,6,8,3,3,3,3,2,2,4,6,2,14,0,3,1,2,3,5,2,5,1,3,3,3,3,1,3,3,4,9,4,3,1,3,5,2,2,1,2,4,4,4,7,2,2,5,5,3,1,3,5,0,7,2,3,5,5,1,1,3,0,8,3,2,5,4,4,3,3,6,5,1,5,4,5,3,2,1,5,4,7,2,4,3,9,2,4,6,1,1,1,5,6,8,5,6,4,2,3,3,7,5,4,7,4,7,3,2,2,1,5,5,4,3,8,1,3,5,4,1,2,3,0,2,3,4,2,8,3,5,1,5,2,5,4,4,2,8,1,2,2,1,2,0,2,3,1,1,0,7,7,6,3,4,2,8,6,4,3,3,5,3,5,1,2,2,2,1,5,6,3,1,3,7,2,7,1,5,4
PAX6_Q2,0.037338746,24,185,276,2970,0.09,0,0,0,0,0,0,0,0,1,1,0,1,0,0,0,1,0,0,0,0,0,0,0,0,0,1,0,0,1,0,0,0,0,0,0,0,0,0,0,1,0,0,0,0,0,0,0,0,0,0,0,0,0,0,0,0,0,0,0,0,0,0,0,0,0,0,0,0,0,0,1,0,0,0,1,0,0,0,0,0,0,0,0,0,0,0,0,0,1,0,1,0,0,0,0,0,0,1,0,0,1,0,0,0,0,0,1,0,0,0,0,0,1,0,0,0,0,0,1,0,0,0,0,1,0,0,0,0,0,0,0,0,1,0,0,0,0,0,0,0,0,0,0,0,1,0,0,0,0,1,1,0,0,0,0,0,0,0,1,0,0,0,0,0,0,0,1,0,0,0,1,0,0,0,0,0,0,0,0,0,0,0,0,0,0
CETS1P54_02,0.038623205,179,185,2797,2970,0.94,4,4,3,6,5,8,7,4,3,0,3,1,2,3,1,8,1,4,2,2,3,1,3,8,1,3,1,4,2,0,4,3,5,3,10,5,3,3,1,4,4,7,3,3,4,4,3,3,3,3,5,5,1,5,4,5,2,2,6,1,1,3,3,1,1,3,2,8,2,3,4,2,3,3,2,2,5,8,2,8,4,4,3,2,2,6,5,5,4,4,8,1,3,5,2,2,5,2,6,6,5,1,0,6,6,1,13,1,4,6,1,1,8,2,4,0,5,4,5,1,2,4,2,4,1,5,1,4,2,4,12,5,3,3,4,10,2,2,5,6,1,2,3,5,2,5,5,4,2,2,2,5,5,2,3,2,4,2,3,5,5,3,4,3,3,4,2,2,6,3,3,3,7,4,6,5,6,3,0,5,1,3,1,0,3
UF1H3BETA_Q6,0.041398715,9,185,85,2970,0.03,0,0,0,0,0,0,0,0,0,0,0,0,0,0,0,0,0,0,0,0,0,0,0,0,0,0,0,0,0,0,0,0,0,0,0,0,0,0,1,0,0,0,0,0,0,1,0,0,0,0,0,0,0,1,0,0,0,0,0,0,0,0,0,0,0,0,0,0,0,0,0,0,0,0,0,0,0,0,0,0,0,0,0,0,0,0,0,1,0,0,0,0,0,0,0,0,0,0,0,0,0,0,0,0,0,0,0,0,0,0,0,0,0,0,0,0,0,0,0,0,0,1,0,0,0,2,0,0,1,0,0,0,0,0,0,0,0,1,0,0,0,0,0,0,0,0,0,0,0,0,0,0,0,0,0,0,0,0,0,0,0,0,0,0,0,1,0,0,0,0,0,0,0,0,0,0,0,0,0,0,0,0,0,0,0
MAF_Q6,0.041769947,6,185,51,2970,0.02,0,0,0,0,0,0,0,1,0,0,0,0,0,0,0,0,0,0,0,0,0,0,0,0,0,0,0,0,0,0,0,0,0,0,0,0,0,0,0,0,0,0,0,0,0,0,0,0,0,0,0,0,0,0,0,0,0,0,0,0,0,0,0,0,0,0,0,0,0,0,0,0,1,1,0,0,0,0,0,0,0,0,0,0,0,0,0,0,0,0,0,0,0,0,0,0,0,0,0,0,0,0,0,0,0,0,0,0,0,0,0,0,0,0,0,0,0,0,0,0,0,0,0,0,0,0,0,1,0,0,0,0,0,0,0,0,0,0,0,0,0,0,0,0,0,0,0,0,1,0,0,0,0,0,0,0,0,0,0,0,0,0,1,0,0,0,0,0,0,0,0,0,0,0,0,0,0,0,0,0,0,0,0,0,0
IRF1_01,0.042541674,87,185,1219,2970,0.41,2,0,0,2,0,0,1,0,0,0,0,1,0,0,2,0,1,0,1,0,0,1,0,1,2,3,0,1,2,0,1,1,1,2,1,2,2,0,0,2,0,3,1,0,0,0,1,2,0,1,1,3,1,0,2,1,1,1,1,0,0,2,0,1,1,0,0,1,0,0,1,0,0,1,0,1,0,1,0,1,2,0,0,0,0,0,3,1,0,0,1,2,0,2,0,0,0,1,0,1,3,0,0,1,1,0,4,0,1,0,1,0,0,0,1,0,2,0,0,0,0,0,0,0,0,0,0,2,0,0,1,2,1,0,0,0,0,0,3,2,1,0,0,0,2,0,1,0,0,0,0,0,0,1,0,2,0,0,0,2,3,1,2,0,1,0,3,1,2,0,0,0,3,2,2,1,1,0,1,0,0,2,1,0,1
SF1_Q6_01,0.044379035,139,185,2071,2970,0.7,1,1,2,0,1,0,2,1,1,2,2,1,1,2,0,3,1,10,1,2,1,1,2,1,1,1,1,2,2,1,1,0,1,0,0,2,2,0,0,1,3,2,1,2,0,1,4,1,5,0,2,2,1,0,0,0,3,1,3,4,2,2,2,1,3,0,0,2,1,1,2,3,0,4,0,2,0,0,1,1,3,2,2,1,0,4,1,2,2,1,5,2,1,2,4,1,2,1,4,4,4,0,0,1,1,4,3,1,2,1,2,1,1,1,0,4,0,1,1,2,10,0,2,2,0,2,2,3,0,1,1,0,2,2,2,3,1,2,3,0,2,2,0,0,2,1,0,0,1,0,0,2,1,1,2,1,2,3,1,1,2,2,2,1,2,1,3,3,0,0,0,0,2,0,0,2,1,0,3,3,0,0,0,0,1
ZNF219_01,0.048561174,13,185,137,2970,0.05,0,0,0,0,0,0,0,0,0,0,0,0,0,0,0,0,1,0,0,0,0,0,0,0,0,0,0,0,0,0,1,0,0,0,0,0,0,0,0,0,0,0,0,0,0,0,0,0,0,1,1,0,0,0,0,0,0,0,0,0,0,0,0,0,1,0,0,0,0,0,0,0,0,0,0,0,0,0,0,0,0,0,0,0,0,0,0,0,0,0,0,0,0,0,0,1,0,0,0,0,0,0,1,0,0,0,0,0,0,0,0,0,0,0,0,0,0,0,1,0,0,0,0,0,0,0,0,0,1,0,0,0,1,0,0,0,0,0,0,0,0,0,0,0,0,0,0,0,1,0,0,0,0,0,0,0,0,0,0,0,0,0,0,0,1,0,0,0,0,0,0,0,1,0,0,0,0,0,0,0,0,0,0,0,0
USF_C,0.049156458,138,185,2059,2970,0.69,1,4,2,2,0,0,2,0,1,4,4,3,3,1,1,5,1,2,2,1,1,1,0,2,0,3,0,2,4,1,2,0,2,2,5,0,5,2,3,1,1,0,1,2,0,2,0,2,11,0,2,0,0,5,3,1,4,3,2,1,6,5,0,2,2,3,2,0,2,2,1,2,1,2,2,2,2,0,6,1,1,0,1,0,3,1,5,4,3,2,4,4,3,1,1,1,0,2,1,6,2,3,0,0,3,0,2,0,3,1,1,1,1,2,0,2,0,0,1,0,0,1,1,9,0,3,0,1,0,3,1,0,1,2,4,7,5,0,4,3,2,3,1,2,0,3,1,2,0,3,1,2,3,1,0,1,3,1,5,2,0,1,0,0,0,0,0,0,2,5,0,2,0,2,2,0,2,1,2,2,2,5,3,1,2
